,Album Name,Album ID,Album Genre,Album Popularity,Album Markets
0,Lonely (with benny blanco),3P5WIUJO0Ots1lQx09TOxk,[],79,"['AD', 'AE', 'AL', 'AR', 'AT', 'AU', 'BA', 'BE', 'BG', 'BH', 'BO', 'BR', 'BY', 'CA', 'CH', 'CL', 'CO', 'CR', 'CY', 'CZ', 'DE', 'DK', 'DO', 'DZ', 'EC', 'EE', 'EG', 'ES', 'FI', 'FR', 'GB', 'GR', 'GT', 'HK', 'HN', 'HR', 'HU', 'ID', 'IE', 'IL', 'IN', 'IS', 'IT', 'JO', 'JP', 'KW', 'KZ', 'LB', 'LI', 'LT', 'LU', 'LV', 'MA', 'MC', 'MD', 'ME', 'MK', 'MT', 'MX', 'MY', 'NI', 'NL', 'NO', 'NZ', 'OM', 'PA', 'PE', 'PH', 'PL', 'PS', 'PT', 'PY', 'QA', 'RO', 'RS', 'RU', 'SA', 'SE', 'SG', 'SI', 'SK', 'SV', 'TH', 'TN', 'TR', 'TW', 'UA', 'US', 'UY', 'VN', 'XK', 'ZA']"
1,Fake,6pbBHbkfs6i0JzhWjDmvb1,[],71,"['AD', 'AE', 'AL', 'AR', 'AT', 'AU', 'BA', 'BE', 'BG', 'BH', 'BO', 'BR', 'BY', 'CA', 'CH', 'CL', 'CO', 'CR', 'CY', 'CZ', 'DE', 'DK', 'DO', 'DZ', 'EC', 'EE', 'EG', 'ES', 'FI', 'FR', 'GB', 'GR', 'GT', 'HK', 'HN', 'HR', 'HU', 'ID', 'IE', 'IL', 'IN', 'IS', 'IT', 'JO', 'JP', 'KW', 'KZ', 'LB', 'LI', 'LT', 'LU', 'LV', 'MA', 'MC', 'MD', 'ME', 'MK', 'MT', 'MX', 'MY', 'NI', 'NL', 'NO', 'NZ', 'OM', 'PA', 'PE', 'PH', 'PL', 'PS', 'PT', 'PY', 'QA', 'RO', 'RS', 'RU', 'SA', 'SE', 'SG', 'SI', 'SK', 'SV', 'TH', 'TN', 'TR', 'TW', 'UA', 'US', 'UY', 'VN', 'XK', 'ZA']"
2,By Yourself (feat. Jhen√© Aiko & Mustard),1CQFYWHVdRypCsU2IU80t1,[],67,"['AD', 'AE', 'AL', 'AR', 'AT', 'AU', 'BA', 'BE', 'BG', 'BH', 'BO', 'BR', 'BY', 'CA', 'CH', 'CL', 'CO', 'CR', 'CY', 'CZ', 'DE', 'DK', 'DO', 'DZ', 'EC', 'EE', 'EG', 'ES', 'FI', 'FR', 'GB', 'GR', 'GT', 'HK', 'HN', 'HR', 'HU', 'ID', 'IE', 'IL', 'IN', 'IS', 'IT', 'JO', 'JP', 'KW', 'KZ', 'LB', 'LI', 'LT', 'LU', 'LV', 'MA', 'MC', 'MD', 'ME', 'MK', 'MT', 'MX', 'MY', 'NI', 'NL', 'NO', 'NZ', 'OM', 'PA', 'PE', 'PH', 'PL', 'PS', 'PT', 'PY', 'QA', 'RO', 'RS', 'RU', 'SA', 'SE', 'SG', 'SI', 'SK', 'SV', 'TH', 'TN', 'TR', 'TW', 'UA', 'US', 'UY', 'VN', 'XK', 'ZA']"
3,Fake It Flowers,3SGFxGF2loXeOFZtKvdmxo,[],65,"['AD', 'AE', 'AL', 'AR', 'AT', 'AU', 'BA', 'BE', 'BG', 'BH', 'BO', 'BR', 'BY', 'CA', 'CH', 'CL', 'CO', 'CR', 'CY', 'CZ', 'DE', 'DK', 'DO', 'DZ', 'EC', 'EE', 'EG', 'ES', 'FI', 'FR', 'GB', 'GR', 'GT', 'HK', 'HN', 'HR', 'HU', 'ID', 'IE', 'IL', 'IN', 'IS', 'IT', 'JO', 'JP', 'KW', 'KZ', 'LB', 'LI', 'LT', 'LU', 'LV', 'MA', 'MC', 'MD', 'ME', 'MK', 'MT', 'MX', 'MY', 'NI', 'NL', 'NO', 'NZ', 'OM', 'PA', 'PE', 'PH', 'PL', 'PS', 'PT', 'PY', 'QA', 'RO', 'RS', 'RU', 'SA', 'SE', 'SG', 'SI', 'SK', 'SV', 'TH', 'TN', 'TR', 'TW', 'UA', 'US', 'UY', 'VN', 'XK', 'ZA']"
4,Before,5vqILcEeCT0N1DeJBsLrGE,[],67,"['AD', 'AE', 'AL', 'AR', 'AT', 'AU', 'BA', 'BE', 'BG', 'BH', 'BO', 'BR', 'BY', 'CA', 'CH', 'CL', 'CO', 'CR', 'CY', 'CZ', 'DE', 'DK', 'DO', 'DZ', 'EC', 'EE', 'EG', 'ES', 'FI', 'FR', 'GB', 'GR', 'GT', 'HK', 'HN', 'HR', 'HU', 'ID', 'IE', 'IL', 'IN', 'IS', 'IT', 'JO', 'JP', 'KW', 'KZ', 'LB', 'LI', 'LT', 'LU', 'LV', 'MA', 'MC', 'MD', 'ME', 'MK', 'MT', 'MX', 'MY', 'NI', 'NL', 'NO', 'NZ', 'OM', 'PA', 'PE', 'PH', 'PL', 'PS', 'PT', 'PY', 'QA', 'RO', 'RS', 'RU', 'SA', 'SE', 'SG', 'SI', 'SK', 'SV', 'TH', 'TN', 'TR', 'TW', 'UA', 'US', 'UY', 'VN', 'XK', 'ZA']"
5,Iced Out Audemars (Remix),76ME7LgGQq5fuTy9wWBHpq,[],55,"['AD', 'AE', 'AL', 'AR', 'AT', 'AU', 'BA', 'BE', 'BG', 'BH', 'BO', 'BR', 'BY', 'CA', 'CH', 'CL', 'CO', 'CR', 'CY', 'CZ', 'DE', 'DK', 'DO', 'DZ', 'EC', 'EE', 'EG', 'ES', 'FI', 'FR', 'GB', 'GR', 'GT', 'HK', 'HN', 'HR', 'HU', 'ID', 'IE', 'IL', 'IN', 'IS', 'IT', 'JO', 'JP', 'KW', 'KZ', 'LB', 'LI', 'LT', 'LU', 'LV', 'MA', 'MC', 'MD', 'ME', 'MK', 'MT', 'MX', 'MY', 'NI', 'NL', 'NO', 'NZ', 'OM', 'PA', 'PE', 'PH', 'PL', 'PS', 'PT', 'PY', 'QA', 'RO', 'RS', 'RU', 'SA', 'SE', 'SG', 'SI', 'SK', 'SV', 'TH', 'TN', 'TR', 'TW', 'UA', 'US', 'UY', 'VN', 'XK', 'ZA']"
6,Chasing_(Demo),1wo8JeDRslm23n6rqpb3jk,[],70,"['AD', 'AE', 'AL', 'AR', 'AT', 'AU', 'BA', 'BE', 'BG', 'BH', 'BO', 'BR', 'BY', 'CA', 'CH', 'CL', 'CO', 'CR', 'CY', 'CZ', 'DE', 'DK', 'DO', 'DZ', 'EC', 'EE', 'EG', 'ES', 'FI', 'FR', 'GB', 'GR', 'GT', 'HK', 'HN', 'HR', 'HU', 'ID', 'IE', 'IL', 'IN', 'IS', 'IT', 'JO', 'JP', 'KW', 'KZ', 'LB', 'LI', 'LT', 'LU', 'LV', 'MA', 'MC', 'MD', 'ME', 'MK', 'MT', 'MX', 'MY', 'NI', 'NL', 'NO', 'NZ', 'OM', 'PA', 'PE', 'PH', 'PL', 'PS', 'PT', 'PY', 'QA', 'RO', 'RS', 'RU', 'SA', 'SE', 'SG', 'SI', 'SK', 'SV', 'TH', 'TN', 'TR', 'TW', 'UA', 'US', 'UY', 'VN', 'XK', 'ZA']"
7,Wildflowers & All The Rest (Deluxe Edition),2s7jw1QyMFXe1fsSzla8cv,[],63,"['AD', 'AE', 'AL', 'AR', 'AT', 'AU', 'BA', 'BE', 'BG', 'BH', 'BO', 'BR', 'BY', 'CA', 'CH', 'CL', 'CO', 'CR', 'CY', 'CZ', 'DE', 'DK', 'DO', 'DZ', 'EC', 'EE', 'EG', 'ES', 'FI', 'FR', 'GB', 'GR', 'GT', 'HK', 'HN', 'HR', 'HU', 'ID', 'IE', 'IL', 'IN', 'IS', 'IT', 'JO', 'JP', 'KW', 'KZ', 'LB', 'LI', 'LT', 'LU', 'LV', 'MA', 'MC', 'MD', 'ME', 'MK', 'MT', 'MX', 'MY', 'NI', 'NL', 'NO', 'NZ', 'OM', 'PA', 'PE', 'PH', 'PL', 'PS', 'PT', 'PY', 'QA', 'RO', 'RS', 'RU', 'SA', 'SE', 'SG', 'SI', 'SK', 'SV', 'TH', 'TN', 'TR', 'TW', 'UA', 'US', 'UY', 'VN', 'XK', 'ZA']"
8,Only Child,7v0KN0VlHJZrhAbSbxEZvZ,[],66,"['AD', 'AE', 'AL', 'AR', 'AT', 'AU', 'BA', 'BE', 'BG', 'BH', 'BO', 'BR', 'BY', 'CA', 'CH', 'CL', 'CO', 'CR', 'CY', 'CZ', 'DE', 'DK', 'DO', 'DZ', 'EC', 'EE', 'EG', 'ES', 'FI', 'FR', 'GB', 'GR', 'GT', 'HK', 'HN', 'HR', 'HU', 'ID', 'IE', 'IL', 'IN', 'IS', 'IT', 'JO', 'JP', 'KW', 'KZ', 'LB', 'LI', 'LT', 'LU', 'LV', 'MA', 'MC', 'MD', 'ME', 'MK', 'MT', 'MX', 'MY', 'NI', 'NL', 'NO', 'NZ', 'OM', 'PA', 'PE', 'PH', 'PL', 'PS', 'PT', 'PY', 'QA', 'RO', 'RS', 'RU', 'SA', 'SE', 'SG', 'SI', 'SK', 'SV', 'TH', 'TN', 'TR', 'TW', 'UA', 'US', 'UY', 'VN', 'XK', 'ZA']"
9,Apolonio,7HlxxaJOHK0ArY4Ae4Qfc7,[],64,"['AD', 'AE', 'AL', 'AR', 'AT', 'AU', 'BA', 'BE', 'BG', 'BH', 'BO', 'BR', 'BY', 'CA', 'CH', 'CL', 'CO', 'CR', 'CY', 'CZ', 'DE', 'DK', 'DO', 'DZ', 'EC', 'EE', 'EG', 'ES', 'FI', 'FR', 'GB', 'GR', 'GT', 'HK', 'HN', 'HR', 'HU', 'ID', 'IE', 'IL', 'IN', 'IS', 'IT', 'JO', 'JP', 'KW', 'KZ', 'LB', 'LI', 'LT', 'LU', 'LV', 'MA', 'MC', 'MD', 'ME', 'MK', 'MT', 'MX', 'MY', 'NI', 'NL', 'NO', 'NZ', 'OM', 'PA', 'PE', 'PH', 'PL', 'PS', 'PT', 'PY', 'QA', 'RO', 'RS', 'RU', 'SA', 'SE', 'SG', 'SI', 'SK', 'SV', 'TH', 'TN', 'TR', 'TW', 'UA', 'US', 'UY', 'VN', 'XK', 'ZA']"
10,Let Me Love You Like A Woman,6yEZH1HexM9sqOX34qUE4u,[],70,"['AD', 'AE', 'AL', 'AR', 'AT', 'AU', 'BA', 'BE', 'BG', 'BH', 'BO', 'BR', 'BY', 'CA', 'CH', 'CL', 'CO', 'CR', 'CY', 'CZ', 'DE', 'DK', 'DO', 'DZ', 'EC', 'EE', 'EG', 'ES', 'FI', 'FR', 'GB', 'GR', 'GT', 'HK', 'HN', 'HR', 'HU', 'ID', 'IE', 'IL', 'IN', 'IS', 'IT', 'JO', 'JP', 'KW', 'KZ', 'LB', 'LI', 'LT', 'LU', 'LV', 'MA', 'MC', 'MD', 'ME', 'MK', 'MT', 'MX', 'MY', 'NI', 'NL', 'NO', 'NZ', 'OM', 'PA', 'PE', 'PH', 'PL', 'PS', 'PT', 'PY', 'QA', 'RO', 'RS', 'RU', 'SA', 'SE', 'SG', 'SI', 'SK', 'SV', 'TH', 'TN', 'TR', 'TW', 'UA', 'US', 'UY', 'VN', 'XK', 'ZA']"
11,All About You,36Lr1Ipl7w3gn0NdZbRcge,[],58,"['AD', 'AE', 'AL', 'AR', 'AT', 'AU', 'BA', 'BE', 'BG', 'BH', 'BO', 'BR', 'BY', 'CA', 'CH', 'CL', 'CO', 'CR', 'CY', 'CZ', 'DE', 'DK', 'DO', 'DZ', 'EC', 'EE', 'EG', 'ES', 'FI', 'FR', 'GB', 'GR', 'GT', 'HK', 'HN', 'HR', 'HU', 'ID', 'IE', 'IL', 'IN', 'IS', 'IT', 'JO', 'JP', 'KW', 'KZ', 'LB', 'LI', 'LT', 'LU', 'LV', 'MA', 'MC', 'MD', 'ME', 'MK', 'MT', 'MX', 'MY', 'NI', 'NL', 'NO', 'NZ', 'OM', 'PA', 'PE', 'PH', 'PL', 'PS', 'PT', 'PY', 'QA', 'RO', 'RS', 'RU', 'SA', 'SE', 'SG', 'SI', 'SK', 'SV', 'TH', 'TN', 'TR', 'TW', 'UA', 'US', 'UY', 'VN', 'XK', 'ZA']"
12,CLOUDS (Music From The Disney+ Original Movie),6wxPYC9LuoJCtKtFw4UDgf,[],62,"['AD', 'AE', 'AL', 'AR', 'AT', 'AU', 'BA', 'BE', 'BG', 'BH', 'BO', 'BR', 'BY', 'CA', 'CH', 'CL', 'CO', 'CR', 'CY', 'CZ', 'DE', 'DK', 'DO', 'DZ', 'EC', 'EE', 'EG', 'ES', 'FI', 'FR', 'GB', 'GR', 'GT', 'HK', 'HN', 'HR', 'HU', 'ID', 'IE', 'IL', 'IN', 'IS', 'IT', 'JO', 'JP', 'KW', 'KZ', 'LB', 'LI', 'LT', 'LU', 'LV', 'MA', 'MC', 'MD', 'ME', 'MK', 'MT', 'MX', 'MY', 'NI', 'NL', 'NO', 'NZ', 'OM', 'PA', 'PE', 'PH', 'PL', 'PS', 'PT', 'PY', 'QA', 'RO', 'RS', 'RU', 'SA', 'SE', 'SG', 'SI', 'SK', 'SV', 'TH', 'TN', 'TR', 'TW', 'UA', 'US', 'UY', 'VN', 'XK', 'ZA']"
13,Commander In Chief,5tF7JnL3vVYaKap77UUz6p,[],66,"['AD', 'AE', 'AL', 'AR', 'AT', 'AU', 'BA', 'BE', 'BG', 'BH', 'BO', 'BR', 'BY', 'CA', 'CH', 'CL', 'CO', 'CR', 'CY', 'CZ', 'DE', 'DK', 'DO', 'DZ', 'EC', 'EE', 'EG', 'ES', 'FI', 'FR', 'GB', 'GR', 'GT', 'HK', 'HN', 'HR', 'HU', 'ID', 'IE', 'IL', 'IN', 'IS', 'IT', 'JO', 'JP', 'KW', 'KZ', 'LB', 'LI', 'LT', 'LU', 'LV', 'MA', 'MC', 'MD', 'ME', 'MK', 'MT', 'MX', 'MY', 'NI', 'NL', 'NO', 'NZ', 'OM', 'PA', 'PE', 'PH', 'PL', 'PS', 'PT', 'PY', 'QA', 'RO', 'RS', 'RU', 'SA', 'SE', 'SG', 'SI', 'SK', 'SV', 'TH', 'TN', 'TR', 'TW', 'UA', 'US', 'UY', 'VN', 'XK', 'ZA']"
14,Los Favoritos 2,2TUgzZ8XOE8jm7tDpU4iME,[],79,"['AD', 'AE', 'AL', 'AR', 'AT', 'AU', 'BA', 'BE', 'BG', 'BH', 'BO', 'BR', 'BY', 'CA', 'CH', 'CL', 'CO', 'CR', 'CY', 'CZ', 'DE', 'DK', 'DO', 'DZ', 'EC', 'EE', 'EG', 'ES', 'FI', 'FR', 'GB', 'GR', 'GT', 'HK', 'HN', 'HR', 'HU', 'ID', 'IE', 'IL', 'IN', 'IS', 'IT', 'JO', 'JP', 'KW', 'KZ', 'LB', 'LI', 'LT', 'LU', 'LV', 'MA', 'MC', 'MD', 'ME', 'MK', 'MT', 'MX', 'MY', 'NI', 'NL', 'NO', 'NZ', 'OM', 'PA', 'PE', 'PH', 'PL', 'PS', 'PT', 'PY', 'QA', 'RO', 'RS', 'RU', 'SA', 'SE', 'SG', 'SI', 'SK', 'SV', 'TH', 'TN', 'TR', 'TW', 'UA', 'US', 'UY', 'VN', 'XK', 'ZA']"
15,"Streams of Thought, Vol. 3: Cane & Able",2LEEg9PQsJqQuhBU0poSrd,[],60,"['AD', 'AE', 'AL', 'AR', 'AT', 'AU', 'BA', 'BE', 'BG', 'BH', 'BO', 'BR', 'BY', 'CA', 'CH', 'CL', 'CO', 'CR', 'CY', 'CZ', 'DE', 'DK', 'DO', 'DZ', 'EC', 'EE', 'EG', 'ES', 'FI', 'FR', 'GB', 'GR', 'GT', 'HK', 'HN', 'HR', 'HU', 'ID', 'IE', 'IL', 'IN', 'IS', 'IT', 'JO', 'JP', 'KW', 'KZ', 'LB', 'LI', 'LT', 'LU', 'LV', 'MA', 'MC', 'MD', 'ME', 'MK', 'MT', 'MX', 'MY', 'NI', 'NL', 'NO', 'NZ', 'OM', 'PA', 'PE', 'PH', 'PL', 'PS', 'PT', 'PY', 'QA', 'RO', 'RS', 'RU', 'SA', 'SE', 'SG', 'SI', 'SK', 'SV', 'TH', 'TN', 'TR', 'TW', 'UA', 'US', 'UY', 'VN', 'XK', 'ZA']"
16,Gore,7e9inFYUpFSKmTFbj2xrCS,[],63,"['AD', 'AE', 'AL', 'AR', 'AT', 'AU', 'BA', 'BE', 'BG', 'BH', 'BO', 'BR', 'BY', 'CA', 'CH', 'CL', 'CO', 'CR', 'CY', 'CZ', 'DE', 'DK', 'DO', 'DZ', 'EC', 'EE', 'EG', 'ES', 'FI', 'FR', 'GB', 'GR', 'GT', 'HK', 'HN', 'HR', 'HU', 'ID', 'IE', 'IL', 'IN', 'IS', 'IT', 'JO', 'JP', 'KW', 'KZ', 'LB', 'LI', 'LT', 'LU', 'LV', 'MA', 'MC', 'MD', 'ME', 'MK', 'MT', 'MX', 'MY', 'NI', 'NL', 'NO', 'NZ', 'OM', 'PA', 'PE', 'PH', 'PL', 'PS', 'PT', 'PY', 'QA', 'RO', 'RS', 'RU', 'SA', 'SE', 'SG', 'SI', 'SK', 'SV', 'TH', 'TN', 'TR', 'TW', 'UA', 'US', 'UY', 'VN', 'XK', 'ZA']"
17,"So Icy Gang, Vol. 1",7Myw8J0byMIDilWT9vmZj5,[],66,"['AD', 'AE', 'AL', 'AR', 'AT', 'AU', 'BA', 'BE', 'BG', 'BH', 'BO', 'BR', 'BY', 'CA', 'CH', 'CL', 'CO', 'CR', 'CY', 'CZ', 'DE', 'DK', 'DO', 'DZ', 'EC', 'EE', 'EG', 'ES', 'FI', 'FR', 'GB', 'GR', 'GT', 'HK', 'HN', 'HR', 'HU', 'ID', 'IE', 'IL', 'IN', 'IS', 'IT', 'JO', 'JP', 'KW', 'KZ', 'LB', 'LI', 'LT', 'LU', 'LV', 'MA', 'MC', 'MD', 'ME', 'MK', 'MT', 'MX', 'MY', 'NI', 'NL', 'NO', 'NZ', 'OM', 'PA', 'PE', 'PH', 'PL', 'PS', 'PT', 'PY', 'QA', 'RO', 'RS', 'RU', 'SA', 'SE', 'SG', 'SI', 'SK', 'SV', 'TH', 'TN', 'TR', 'TW', 'UA', 'US', 'UY', 'VN', 'XK', 'ZA']"
18,Serpentine Prison,5EqnUTFVewiWTuN11K4G8E,[],63,"['AD', 'AE', 'AL', 'AR', 'AT', 'AU', 'BA', 'BE', 'BG', 'BH', 'BO', 'BR', 'BY', 'CA', 'CH', 'CL', 'CO', 'CR', 'CY', 'CZ', 'DE', 'DK', 'DO', 'DZ', 'EC', 'EE', 'EG', 'ES', 'FI', 'FR', 'GB', 'GR', 'GT', 'HK', 'HN', 'HR', 'HU', 'ID', 'IE', 'IL', 'IN', 'IS', 'IT', 'JO', 'JP', 'KW', 'KZ', 'LB', 'LI', 'LT', 'LU', 'LV', 'MA', 'MC', 'MD', 'ME', 'MK', 'MT', 'MX', 'MY', 'NI', 'NL', 'NO', 'NZ', 'OM', 'PA', 'PE', 'PH', 'PL', 'PS', 'PT', 'PY', 'QA', 'RO', 'RS', 'RU', 'SA', 'SE', 'SG', 'SI', 'SK', 'SV', 'TH', 'TN', 'TR', 'TW', 'UA', 'US', 'UY', 'VN', 'XK', 'ZA']"
19,Whole Lotta Choppas (Remix) [feat. Nicki Minaj],6xVP3wpk1yUu8X7zN9gzDW,[],67,"['AD', 'AE', 'AL', 'AR', 'AT', 'AU', 'BA', 'BE', 'BG', 'BH', 'BO', 'BR', 'BY', 'CA', 'CH', 'CL', 'CO', 'CR', 'CY', 'CZ', 'DE', 'DK', 'DO', 'DZ', 'EC', 'EE', 'EG', 'ES', 'FI', 'FR', 'GB', 'GR', 'GT', 'HK', 'HN', 'HR', 'HU', 'ID', 'IE', 'IL', 'IN', 'IS', 'IT', 'JO', 'JP', 'KW', 'KZ', 'LB', 'LI', 'LT', 'LU', 'LV', 'MA', 'MC', 'MD', 'ME', 'MK', 'MT', 'MX', 'MY', 'NI', 'NL', 'NO', 'NZ', 'OM', 'PA', 'PE', 'PH', 'PL', 'PS', 'PT', 'PY', 'QA', 'RO', 'RS', 'RU', 'SA', 'SE', 'SG', 'SI', 'SK', 'SV', 'TH', 'TN', 'TR', 'TW', 'UA', 'US', 'UY', 'VN', 'XK', 'ZA']"
20,The L.I.B.R.A.,4ji352J0NHJfD5gHoJa7Oj,[],70,"['AD', 'AE', 'AL', 'AR', 'AT', 'AU', 'BA', 'BE', 'BG', 'BH', 'BO', 'BR', 'BY', 'CA', 'CH', 'CL', 'CO', 'CR', 'CY', 'CZ', 'DE', 'DK', 'DO', 'DZ', 'EC', 'EE', 'EG', 'ES', 'FI', 'FR', 'GB', 'GR', 'GT', 'HK', 'HN', 'HR', 'HU', 'ID', 'IE', 'IL', 'IN', 'IS', 'IT', 'JO', 'JP', 'KW', 'KZ', 'LB', 'LI', 'LT', 'LU', 'LV', 'MA', 'MC', 'MD', 'ME', 'MK', 'MT', 'MX', 'MY', 'NI', 'NL', 'NO', 'NZ', 'OM', 'PA', 'PE', 'PH', 'PL', 'PS', 'PT', 'PY', 'QA', 'RO', 'RS', 'RU', 'SA', 'SE', 'SG', 'SI', 'SK', 'SV', 'TH', 'TN', 'TR', 'TW', 'UA', 'US', 'UY', 'VN', 'XK', 'ZA']"
21,Get It Back,6OxeYR6XlbyBvYMrUzAfe3,[],55,"['AD', 'AE', 'AL', 'AR', 'AT', 'AU', 'BA', 'BE', 'BG', 'BH', 'BO', 'BR', 'BY', 'CA', 'CH', 'CL', 'CO', 'CR', 'CY', 'CZ', 'DE', 'DK', 'DO', 'DZ', 'EC', 'EE', 'EG', 'ES', 'FI', 'FR', 'GB', 'GR', 'GT', 'HK', 'HN', 'HR', 'HU', 'ID', 'IE', 'IL', 'IN', 'IS', 'IT', 'JO', 'JP', 'KW', 'KZ', 'LB', 'LI', 'LT', 'LU', 'LV', 'MA', 'MC', 'MD', 'ME', 'MK', 'MT', 'MX', 'MY', 'NI', 'NL', 'NO', 'NZ', 'OM', 'PA', 'PE', 'PH', 'PL', 'PS', 'PT', 'PY', 'QA', 'RO', 'RS', 'RU', 'SA', 'SE', 'SG', 'SI', 'SK', 'SV', 'TH', 'TN', 'TR', 'TW', 'UA', 'US', 'UY', 'VN', 'XK', 'ZA']"
22,QueLoQue (feat. Paloma Mami),0rWT19dCpPwXJY2zfaSh5t,[],56,"['CA', 'HK', 'ID', 'IL', 'IN', 'MX', 'MY', 'PH', 'SG', 'TH', 'TW', 'US', 'VN']"
23,Cuttin' Grass - Vol. 1 (Butcher Shoppe Sessions),1S6sk9yusYQoadSAbx3ZB8,[],73,"['AD', 'AE', 'AL', 'AR', 'AT', 'BA', 'BE', 'BG', 'BH', 'BO', 'BR', 'BY', 'CA', 'CH', 'CL', 'CO', 'CR', 'CY', 'CZ', 'DE', 'DK', 'DO', 'DZ', 'EC', 'EE', 'EG', 'ES', 'FI', 'FR', 'GB', 'GR', 'GT', 'HK', 'HN', 'HR', 'HU', 'ID', 'IE', 'IL', 'IN', 'IS', 'IT', 'JO', 'JP', 'KW', 'KZ', 'LB', 'LI', 'LT', 'LU', 'LV', 'MA', 'MC', 'MD', 'ME', 'MK', 'MT', 'MX', 'MY', 'NI', 'NL', 'NO', 'OM', 'PA', 'PE', 'PH', 'PL', 'PS', 'PT', 'PY', 'QA', 'RO', 'RS', 'RU', 'SA', 'SE', 'SG', 'SI', 'SK', 'SV', 'TH', 'TN', 'TR', 'TW', 'UA', 'US', 'UY', 'VN', 'XK', 'ZA']"
24,Burden of Proof,35dSb2KjI8u7migJ9AbhqQ,[],48,"['AD', 'AE', 'AL', 'AR', 'AT', 'AU', 'BA', 'BE', 'BG', 'BH', 'BO', 'BR', 'BY', 'CA', 'CH', 'CL', 'CO', 'CR', 'CY', 'CZ', 'DE', 'DK', 'DO', 'DZ', 'EC', 'EE', 'EG', 'ES', 'FI', 'FR', 'GB', 'GR', 'GT', 'HK', 'HN', 'HR', 'HU', 'ID', 'IE', 'IL', 'IN', 'IS', 'IT', 'JO', 'JP', 'KW', 'KZ', 'LB', 'LI', 'LT', 'LU', 'LV', 'MA', 'MC', 'MD', 'ME', 'MK', 'MT', 'MX', 'MY', 'NI', 'NL', 'NO', 'NZ', 'OM', 'PA', 'PE', 'PH', 'PL', 'PS', 'PT', 'PY', 'QA', 'RO', 'RS', 'RU', 'SA', 'SE', 'SG', 'SI', 'SK', 'SV', 'TH', 'TN', 'TR', 'TW', 'UA', 'US', 'UY', 'VN', 'XK', 'ZA']"
25,Fantasy,1KrTC1K1M7kMAMDWlH1coX,[],60,"['AD', 'AE', 'AL', 'AR', 'AT', 'AU', 'BA', 'BE', 'BG', 'BH', 'BO', 'BR', 'BY', 'CA', 'CH', 'CL', 'CO', 'CR', 'CY', 'CZ', 'DE', 'DK', 'DO', 'DZ', 'EC', 'EE', 'EG', 'ES', 'FI', 'FR', 'GB', 'GR', 'GT', 'HK', 'HN', 'HR', 'HU', 'ID', 'IE', 'IL', 'IN', 'IS', 'IT', 'JO', 'JP', 'KW', 'KZ', 'LB', 'LI', 'LT', 'LU', 'LV', 'MA', 'MC', 'MD', 'ME', 'MK', 'MT', 'MX', 'MY', 'NI', 'NL', 'NO', 'NZ', 'OM', 'PA', 'PE', 'PH', 'PL', 'PS', 'PT', 'PY', 'QA', 'RO', 'RS', 'RU', 'SA', 'SE', 'SG', 'SI', 'SK', 'SV', 'TH', 'TN', 'TR', 'TW', 'UA', 'US', 'UY', 'VN', 'XK', 'ZA']"
26,All That (with Channel Tres),7dKKcOsUPcTrzlQYmG2Hq3,[],55,"['AD', 'AE', 'AL', 'AR', 'AT', 'AU', 'BA', 'BE', 'BG', 'BH', 'BO', 'BR', 'BY', 'CA', 'CH', 'CL', 'CO', 'CR', 'CY', 'CZ', 'DE', 'DK', 'DO', 'DZ', 'EC', 'EE', 'EG', 'ES', 'FI', 'FR', 'GB', 'GR', 'GT', 'HK', 'HN', 'HR', 'HU', 'ID', 'IE', 'IL', 'IN', 'IS', 'IT', 'JO', 'JP', 'KW', 'KZ', 'LB', 'LI', 'LT', 'LU', 'LV', 'MA', 'MC', 'MD', 'ME', 'MK', 'MT', 'MX', 'MY', 'NI', 'NL', 'NO', 'NZ', 'OM', 'PA', 'PE', 'PH', 'PL', 'PS', 'PT', 'PY', 'QA', 'RO', 'RS', 'RU', 'SA', 'SE', 'SG', 'SI', 'SK', 'SV', 'TH', 'TN', 'TR', 'TW', 'UA', 'US', 'UY', 'VN', 'XK', 'ZA']"
27,Love Scars: The 5 Stages Of Emotions (Deluxe),2RhpPh3aaviygDMbFUa3HG,[],56,"['AD', 'AE', 'AL', 'AR', 'AT', 'AU', 'BA', 'BE', 'BG', 'BH', 'BO', 'BR', 'BY', 'CA', 'CH', 'CL', 'CO', 'CR', 'CY', 'CZ', 'DE', 'DK', 'DO', 'DZ', 'EC', 'EE', 'EG', 'ES', 'FI', 'FR', 'GB', 'GR', 'GT', 'HK', 'HN', 'HR', 'HU', 'ID', 'IE', 'IL', 'IN', 'IS', 'IT', 'JO', 'JP', 'KW', 'KZ', 'LB', 'LI', 'LT', 'LU', 'LV', 'MA', 'MC', 'MD', 'ME', 'MK', 'MT', 'MX', 'MY', 'NI', 'NL', 'NO', 'NZ', 'OM', 'PA', 'PE', 'PH', 'PL', 'PS', 'PT', 'PY', 'QA', 'RO', 'RS', 'RU', 'SA', 'SE', 'SG', 'SI', 'SK', 'SV', 'TH', 'TN', 'TR', 'TW', 'UA', 'US', 'UY', 'VN', 'XK', 'ZA']"
28,Sharpener,3MxrCAA1Z5FOaqdqOaiFYz,[],54,"['AD', 'AE', 'AL', 'AR', 'AT', 'AU', 'BA', 'BE', 'BG', 'BH', 'BO', 'BR', 'BY', 'CA', 'CH', 'CL', 'CO', 'CR', 'CY', 'CZ', 'DE', 'DK', 'DO', 'DZ', 'EC', 'EE', 'EG', 'ES', 'FI', 'FR', 'GB', 'GR', 'GT', 'HK', 'HN', 'HR', 'HU', 'ID', 'IE', 'IL', 'IN', 'IS', 'IT', 'JO', 'JP', 'KW', 'KZ', 'LB', 'LI', 'LT', 'LU', 'LV', 'MA', 'MC', 'MD', 'ME', 'MK', 'MT', 'MX', 'MY', 'NI', 'NL', 'NO', 'NZ', 'OM', 'PA', 'PE', 'PH', 'PL', 'PS', 'PT', 'PY', 'QA', 'RO', 'RS', 'RU', 'SA', 'SE', 'SG', 'SI', 'SK', 'SV', 'TH', 'TN', 'TR', 'TW', 'UA', 'US', 'UY', 'VN', 'XK', 'ZA']"
29,Never Get Old,4PuFEbaiovUiX7oMCY4znm,[],50,"['AD', 'AE', 'AL', 'AR', 'AT', 'AU', 'BA', 'BE', 'BG', 'BH', 'BO', 'BR', 'BY', 'CA', 'CH', 'CL', 'CO', 'CR', 'CY', 'CZ', 'DE', 'DK', 'DO', 'DZ', 'EC', 'EE', 'EG', 'ES', 'FI', 'FR', 'GB', 'GR', 'GT', 'HK', 'HN', 'HR', 'HU', 'ID', 'IE', 'IL', 'IN', 'IS', 'IT', 'JO', 'JP', 'KW', 'KZ', 'LB', 'LI', 'LT', 'LU', 'LV', 'MA', 'MC', 'MD', 'ME', 'MK', 'MT', 'MX', 'MY', 'NI', 'NL', 'NO', 'NZ', 'OM', 'PA', 'PE', 'PH', 'PL', 'PS', 'PT', 'PY', 'QA', 'RO', 'RS', 'RU', 'SA', 'SE', 'SG', 'SI', 'SK', 'SV', 'TH', 'TN', 'TR', 'TW', 'UA', 'US', 'UY', 'VN', 'XK', 'ZA']"
30,Billetes Azules (with J Balvin),0FIqCHhKHDqHd35AvRm8gp,[],60,"['AD', 'AE', 'AL', 'AR', 'AT', 'AU', 'BA', 'BG', 'BH', 'BO', 'BR', 'BY', 'CA', 'CH', 'CL', 'CO', 'CR', 'CY', 'CZ', 'DE', 'DK', 'DO', 'DZ', 'EC', 'EE', 'EG', 'ES', 'FI', 'FR', 'GB', 'GR', 'GT', 'HK', 'HN', 'HR', 'HU', 'ID', 'IE', 'IL', 'IN', 'IS', 'IT', 'JO', 'JP', 'KW', 'KZ', 'LB', 'LI', 'LT', 'LV', 'MA', 'MC', 'MD', 'ME', 'MK', 'MT', 'MX', 'MY', 'NI', 'NL', 'NO', 'NZ', 'OM', 'PA', 'PE', 'PH', 'PL', 'PS', 'PT', 'PY', 'QA', 'RO', 'RS', 'RU', 'SA', 'SE', 'SG', 'SI', 'SK', 'SV', 'TH', 'TN', 'TR', 'TW', 'UA', 'US', 'UY', 'VN', 'XK', 'ZA']"
31,Monique,3TmAgHb2Er246whOY5Q3Ft,[],29,"['AD', 'AE', 'AL', 'AR', 'AT', 'AU', 'BA', 'BE', 'BG', 'BH', 'BO', 'BR', 'BY', 'CA', 'CH', 'CL', 'CO', 'CR', 'CY', 'CZ', 'DE', 'DK', 'DO', 'DZ', 'EC', 'EE', 'EG', 'ES', 'FI', 'FR', 'GB', 'GR', 'GT', 'HK', 'HN', 'HR', 'HU', 'ID', 'IE', 'IL', 'IN', 'IS', 'IT', 'JO', 'JP', 'KW', 'KZ', 'LB', 'LI', 'LT', 'LU', 'LV', 'MA', 'MC', 'MD', 'ME', 'MK', 'MT', 'MX', 'MY', 'NI', 'NL', 'NO', 'NZ', 'OM', 'PA', 'PE', 'PH', 'PL', 'PS', 'PT', 'PY', 'QA', 'RO', 'RS', 'RU', 'SA', 'SE', 'SG', 'SI', 'SK', 'SV', 'TH', 'TN', 'TR', 'TW', 'UA', 'US', 'UY', 'VN', 'XK', 'ZA']"
32,Crazy,6fyg81ZmARpHaxNte8X5NE,[],49,"['AD', 'AE', 'AL', 'AR', 'AT', 'AU', 'BA', 'BE', 'BG', 'BH', 'BO', 'BR', 'BY', 'CA', 'CH', 'CL', 'CO', 'CR', 'CY', 'CZ', 'DE', 'DK', 'DO', 'DZ', 'EC', 'EE', 'EG', 'ES', 'FI', 'FR', 'GB', 'GR', 'GT', 'HK', 'HN', 'HR', 'HU', 'ID', 'IE', 'IL', 'IN', 'IS', 'IT', 'JO', 'JP', 'KW', 'KZ', 'LB', 'LI', 'LT', 'LU', 'LV', 'MA', 'MC', 'MD', 'ME', 'MK', 'MT', 'MX', 'MY', 'NI', 'NL', 'NO', 'NZ', 'OM', 'PA', 'PE', 'PH', 'PL', 'PS', 'PT', 'PY', 'QA', 'RO', 'RS', 'RU', 'SA', 'SE', 'SG', 'SI', 'SK', 'SV', 'TH', 'TN', 'TR', 'TW', 'UA', 'US', 'UY', 'VN', 'XK', 'ZA']"
33,BET Uncut (feat. Chance The Rapper & Smino),4IgfeLqwtEONvhDTV06UPV,[],56,"['AD', 'AE', 'AL', 'AR', 'AT', 'AU', 'BA', 'BE', 'BG', 'BH', 'BO', 'BR', 'BY', 'CA', 'CH', 'CL', 'CO', 'CR', 'CY', 'CZ', 'DE', 'DK', 'DO', 'DZ', 'EC', 'EE', 'EG', 'ES', 'FI', 'FR', 'GB', 'GR', 'GT', 'HK', 'HN', 'HR', 'HU', 'ID', 'IE', 'IL', 'IN', 'IS', 'IT', 'JO', 'JP', 'KW', 'KZ', 'LB', 'LI', 'LT', 'LU', 'LV', 'MA', 'MC', 'MD', 'ME', 'MK', 'MT', 'MX', 'MY', 'NI', 'NL', 'NO', 'NZ', 'OM', 'PA', 'PE', 'PH', 'PL', 'PS', 'PT', 'PY', 'QA', 'RO', 'RS', 'RU', 'SA', 'SE', 'SG', 'SI', 'SK', 'SV', 'TH', 'TN', 'TR', 'TW', 'UA', 'US', 'UY', 'VN', 'XK', 'ZA']"
34,Hate The Way (feat. blackbear),3PqmfbW9QbYXobJ6qUSfFe,[],70,"['AD', 'AE', 'AL', 'AR', 'AT', 'AU', 'BA', 'BE', 'BG', 'BH', 'BO', 'BR', 'BY', 'CA', 'CH', 'CL', 'CO', 'CR', 'CY', 'CZ', 'DE', 'DK', 'DO', 'DZ', 'EC', 'EE', 'EG', 'ES', 'FI', 'FR', 'GB', 'GR', 'GT', 'HK', 'HN', 'HR', 'HU', 'ID', 'IE', 'IL', 'IN', 'IS', 'IT', 'JO', 'JP', 'KW', 'KZ', 'LB', 'LI', 'LT', 'LU', 'LV', 'MA', 'MC', 'MD', 'ME', 'MK', 'MT', 'MX', 'MY', 'NI', 'NL', 'NO', 'NZ', 'OM', 'PA', 'PE', 'PH', 'PL', 'PS', 'PT', 'PY', 'QA', 'RO', 'RS', 'RU', 'SA', 'SE', 'SG', 'SI', 'SK', 'SV', 'TH', 'TN', 'TR', 'TW', 'UA', 'US', 'UY', 'VN', 'XK', 'ZA']"
35,Memory I Don't Mess With,2HDp9JJaUtB2xU02QGlUif,[],52,"['AD', 'AE', 'AL', 'AR', 'AT', 'AU', 'BA', 'BE', 'BG', 'BH', 'BO', 'BR', 'BY', 'CA', 'CH', 'CL', 'CO', 'CR', 'CY', 'CZ', 'DE', 'DK', 'DO', 'DZ', 'EC', 'EE', 'EG', 'ES', 'FI', 'FR', 'GB', 'GR', 'GT', 'HK', 'HN', 'HR', 'HU', 'ID', 'IE', 'IL', 'IN', 'IS', 'IT', 'JO', 'JP', 'KW', 'KZ', 'LB', 'LI', 'LT', 'LU', 'LV', 'MA', 'MC', 'MD', 'ME', 'MK', 'MT', 'MX', 'MY', 'NI', 'NL', 'NO', 'NZ', 'OM', 'PA', 'PE', 'PH', 'PL', 'PS', 'PT', 'PY', 'QA', 'RO', 'RS', 'RU', 'SA', 'SE', 'SG', 'SI', 'SK', 'SV', 'TH', 'TN', 'TR', 'TW', 'UA', 'US', 'UY', 'VN', 'XK', 'ZA']"
36,Mipso,71wj7iB4JXxUUTPosOpXMM,[],51,"['AD', 'AE', 'AL', 'AR', 'AT', 'AU', 'BA', 'BE', 'BG', 'BH', 'BO', 'BR', 'BY', 'CA', 'CH', 'CL', 'CO', 'CR', 'CY', 'CZ', 'DE', 'DK', 'DO', 'DZ', 'EC', 'EE', 'EG', 'ES', 'FI', 'FR', 'GB', 'GR', 'GT', 'HK', 'HN', 'HR', 'HU', 'ID', 'IE', 'IL', 'IN', 'IS', 'IT', 'JO', 'JP', 'KW', 'KZ', 'LB', 'LI', 'LT', 'LU', 'LV', 'MA', 'MC', 'MD', 'ME', 'MK', 'MT', 'MX', 'MY', 'NI', 'NL', 'NO', 'NZ', 'OM', 'PA', 'PE', 'PH', 'PL', 'PS', 'PT', 'PY', 'QA', 'RO', 'RS', 'RU', 'SA', 'SE', 'SG', 'SI', 'SK', 'SV', 'TH', 'TN', 'TR', 'TW', 'UA', 'US', 'UY', 'VN', 'XK', 'ZA']"
37,Strange Days,4hHHHg7bYSXH803dEsSyl8,[],56,"['AD', 'AE', 'AL', 'AR', 'AT', 'AU', 'BA', 'BE', 'BG', 'BH', 'BO', 'BR', 'BY', 'CA', 'CH', 'CL', 'CO', 'CR', 'CY', 'CZ', 'DE', 'DK', 'DO', 'DZ', 'EC', 'EE', 'EG', 'ES', 'FI', 'FR', 'GB', 'GR', 'GT', 'HK', 'HN', 'HR', 'HU', 'ID', 'IE', 'IL', 'IN', 'IS', 'IT', 'JO', 'JP', 'KW', 'KZ', 'LB', 'LI', 'LT', 'LU', 'LV', 'MA', 'MC', 'MD', 'ME', 'MK', 'MT', 'MX', 'MY', 'NI', 'NL', 'NO', 'NZ', 'OM', 'PA', 'PE', 'PH', 'PL', 'PS', 'PT', 'PY', 'QA', 'RO', 'RS', 'RU', 'SA', 'SE', 'SG', 'SI', 'SK', 'SV', 'TH', 'TN', 'TR', 'TW', 'UA', 'US', 'UY', 'VN', 'XK', 'ZA']"
38,"People Get Ready (From ""I Can't Breathe / Music For the Movement"")",0MmKsaUxCz8XZrwKoLSFDG,[],28,"['AD', 'AE', 'AL', 'AR', 'AT', 'AU', 'BA', 'BE', 'BG', 'BH', 'BO', 'BR', 'BY', 'CA', 'CH', 'CL', 'CO', 'CR', 'CY', 'CZ', 'DE', 'DK', 'DO', 'DZ', 'EC', 'EE', 'EG', 'ES', 'FI', 'FR', 'GB', 'GR', 'GT', 'HK', 'HN', 'HR', 'HU', 'ID', 'IE', 'IL', 'IN', 'IS', 'IT', 'JO', 'JP', 'KW', 'KZ', 'LB', 'LI', 'LT', 'LU', 'LV', 'MA', 'MC', 'MD', 'ME', 'MK', 'MT', 'MX', 'MY', 'NI', 'NL', 'NO', 'NZ', 'OM', 'PA', 'PE', 'PH', 'PL', 'PS', 'PT', 'PY', 'QA', 'RO', 'RS', 'RU', 'SA', 'SE', 'SG', 'SI', 'SK', 'SV', 'TH', 'TN', 'TR', 'TW', 'UA', 'US', 'UY', 'VN', 'XK', 'ZA']"
39,lie to me,4BAEubwvC2r7bPRKlmRxUO,[],67,"['AD', 'AE', 'AL', 'AR', 'AT', 'AU', 'BA', 'BE', 'BG', 'BH', 'BO', 'BR', 'BY', 'CA', 'CH', 'CL', 'CO', 'CR', 'CY', 'CZ', 'DE', 'DK', 'DO', 'DZ', 'EC', 'EE', 'EG', 'ES', 'FI', 'FR', 'GB', 'GR', 'GT', 'HK', 'HN', 'HR', 'HU', 'ID', 'IE', 'IL', 'IN', 'IS', 'IT', 'JO', 'JP', 'KW', 'KZ', 'LB', 'LI', 'LT', 'LU', 'LV', 'MA', 'MC', 'MD', 'ME', 'MK', 'MT', 'MX', 'MY', 'NI', 'NL', 'NO', 'NZ', 'OM', 'PA', 'PE', 'PH', 'PL', 'PS', 'PT', 'PY', 'QA', 'RO', 'RS', 'RU', 'SA', 'SE', 'SG', 'SI', 'SK', 'SV', 'TH', 'TN', 'TR', 'TW', 'UA', 'US', 'UY', 'VN', 'XK', 'ZA']"
40,My Agenda,2QFXjy3u6Bl6ctdK9FS9eF,[],58,"['AD', 'AE', 'AL', 'AR', 'AT', 'AU', 'BA', 'BE', 'BG', 'BH', 'BO', 'BR', 'BY', 'CA', 'CH', 'CL', 'CO', 'CR', 'CY', 'CZ', 'DE', 'DK', 'DO', 'DZ', 'EC', 'EE', 'EG', 'ES', 'FI', 'FR', 'GB', 'GR', 'GT', 'HK', 'HN', 'HR', 'HU', 'ID', 'IE', 'IL', 'IN', 'IS', 'IT', 'JO', 'JP', 'KW', 'KZ', 'LB', 'LI', 'LT', 'LU', 'LV', 'MA', 'MC', 'MD', 'ME', 'MK', 'MT', 'MX', 'MY', 'NI', 'NL', 'NO', 'NZ', 'OM', 'PA', 'PE', 'PH', 'PL', 'PS', 'PT', 'PY', 'QA', 'RO', 'RS', 'RU', 'SA', 'SE', 'SG', 'SI', 'SK', 'SV', 'TH', 'TN', 'TR', 'TW', 'UA', 'US', 'UY', 'VN', 'XK', 'ZA']"
41,Devil That I Know,3OR56niCd9ULFGRhBsZBn3,[],48,"['AD', 'AE', 'AL', 'AR', 'AT', 'AU', 'BA', 'BE', 'BG', 'BH', 'BO', 'BR', 'BY', 'CA', 'CH', 'CL', 'CO', 'CR', 'CY', 'CZ', 'DE', 'DK', 'DO', 'DZ', 'EC', 'EE', 'EG', 'ES', 'FI', 'FR', 'GB', 'GR', 'GT', 'HK', 'HN', 'HR', 'HU', 'ID', 'IE', 'IL', 'IN', 'IS', 'IT', 'JO', 'JP', 'KW', 'KZ', 'LB', 'LI', 'LT', 'LU', 'LV', 'MA', 'MC', 'MD', 'ME', 'MK', 'MT', 'MX', 'MY', 'NI', 'NL', 'NO', 'NZ', 'OM', 'PA', 'PE', 'PH', 'PL', 'PS', 'PT', 'PY', 'QA', 'RO', 'RS', 'RU', 'SA', 'SE', 'SG', 'SI', 'SK', 'SV', 'TH', 'TN', 'TR', 'TW', 'UA', 'US', 'UY', 'VN', 'XK', 'ZA']"
42,BOOGY WOOGY,2wPKxdAGmxRDbgwF8d6YuY,[],37,"['AD', 'AE', 'AL', 'AR', 'AT', 'AU', 'BA', 'BE', 'BG', 'BH', 'BO', 'BR', 'BY', 'CA', 'CH', 'CL', 'CO', 'CR', 'CY', 'CZ', 'DE', 'DK', 'DO', 'DZ', 'EC', 'EE', 'EG', 'ES', 'FI', 'FR', 'GB', 'GR', 'GT', 'HK', 'HN', 'HR', 'HU', 'ID', 'IE', 'IL', 'IN', 'IS', 'IT', 'JO', 'JP', 'KW', 'KZ', 'LB', 'LI', 'LT', 'LU', 'LV', 'MA', 'MC', 'MD', 'ME', 'MK', 'MT', 'MX', 'MY', 'NI', 'NL', 'NO', 'NZ', 'OM', 'PA', 'PE', 'PH', 'PL', 'PS', 'PT', 'PY', 'QA', 'RO', 'RS', 'RU', 'SA', 'SE', 'SG', 'SI', 'SK', 'SV', 'TH', 'TN', 'TR', 'TW', 'UA', 'US', 'UY', 'VN', 'XK', 'ZA']"
43,Sundowner,0laieZ0AIqtsAFTaljjmLc,[],58,"['AD', 'AE', 'AL', 'AR', 'AT', 'AU', 'BA', 'BE', 'BG', 'BH', 'BO', 'BR', 'BY', 'CA', 'CH', 'CL', 'CO', 'CR', 'CY', 'CZ', 'DE', 'DK', 'DO', 'DZ', 'EC', 'EE', 'EG', 'ES', 'FI', 'FR', 'GB', 'GR', 'GT', 'HK', 'HN', 'HR', 'HU', 'ID', 'IE', 'IL', 'IN', 'IS', 'IT', 'JO', 'JP', 'KW', 'KZ', 'LB', 'LI', 'LT', 'LU', 'LV', 'MA', 'MC', 'MD', 'ME', 'MK', 'MT', 'MX', 'MY', 'NI', 'NL', 'NO', 'NZ', 'OM', 'PA', 'PE', 'PH', 'PL', 'PS', 'PT', 'PY', 'QA', 'RO', 'RS', 'RU', 'SA', 'SE', 'SG', 'SI', 'SK', 'SV', 'TH', 'TN', 'TR', 'TW', 'UA', 'US', 'UY', 'VN', 'XK', 'ZA']"
44,"night, love you.",58J1HN0dJl1pkTwu1YGJSq,[],54,"['AD', 'AE', 'AL', 'AR', 'AT', 'AU', 'BA', 'BE', 'BG', 'BH', 'BO', 'BR', 'BY', 'CA', 'CH', 'CL', 'CO', 'CR', 'CY', 'CZ', 'DE', 'DK', 'DO', 'DZ', 'EC', 'EE', 'EG', 'ES', 'FI', 'FR', 'GB', 'GR', 'GT', 'HK', 'HN', 'HR', 'HU', 'ID', 'IE', 'IL', 'IS', 'IT', 'JO', 'JP', 'KW', 'KZ', 'LB', 'LI', 'LT', 'LU', 'LV', 'MA', 'MC', 'MD', 'ME', 'MK', 'MT', 'MX', 'MY', 'NI', 'NL', 'NO', 'NZ', 'OM', 'PA', 'PE', 'PH', 'PL', 'PS', 'PT', 'PY', 'QA', 'RO', 'RS', 'RU', 'SA', 'SE', 'SG', 'SI', 'SK', 'SV', 'TH', 'TN', 'TR', 'TW', 'UA', 'US', 'UY', 'VN', 'XK', 'ZA']"
45,Don't Lose Hope,5aEqPWv21w8UcfqWnuAN7c,[],46,"['AD', 'AE', 'AL', 'AT', 'AU', 'BA', 'BE', 'BG', 'BH', 'BY', 'CA', 'CH', 'CY', 'CZ', 'DE', 'DK', 'DZ', 'EE', 'EG', 'ES', 'FI', 'FR', 'GB', 'GR', 'HK', 'HR', 'HU', 'ID', 'IE', 'IL', 'IN', 'IS', 'IT', 'JO', 'JP', 'KW', 'KZ', 'LB', 'LI', 'LT', 'LU', 'LV', 'MA', 'MC', 'MD', 'ME', 'MK', 'MT', 'MY', 'NL', 'NO', 'NZ', 'OM', 'PH', 'PL', 'PS', 'PT', 'QA', 'RO', 'RS', 'RU', 'SA', 'SE', 'SG', 'SI', 'SK', 'TH', 'TN', 'TR', 'TW', 'UA', 'US', 'VN', 'XK', 'ZA']"
46,KOV,3zHgwCgiBWNcXhOX9UrQME,[],41,"['AD', 'AE', 'AL', 'AR', 'AT', 'AU', 'BA', 'BE', 'BG', 'BH', 'BO', 'BR', 'BY', 'CA', 'CH', 'CL', 'CO', 'CR', 'CY', 'CZ', 'DE', 'DK', 'DO', 'DZ', 'EC', 'EE', 'EG', 'ES', 'FI', 'FR', 'GB', 'GR', 'GT', 'HK', 'HN', 'HR', 'HU', 'ID', 'IE', 'IL', 'IN', 'IS', 'IT', 'JO', 'JP', 'KW', 'KZ', 'LB', 'LI', 'LT', 'LU', 'LV', 'MA', 'MC', 'MD', 'ME', 'MK', 'MT', 'MX', 'MY', 'NI', 'NL', 'NO', 'NZ', 'OM', 'PA', 'PE', 'PH', 'PL', 'PS', 'PT', 'PY', 'QA', 'RO', 'RS', 'RU', 'SA', 'SE', 'SG', 'SI', 'SK', 'SV', 'TH', 'TN', 'TR', 'TW', 'UA', 'US', 'UY', 'VN', 'XK', 'ZA']"
47,What Are We Standing For,4tuKq2JV7r88OLVORQMWKK,[],45,"['AD', 'AE', 'AL', 'AR', 'AT', 'AU', 'BA', 'BE', 'BG', 'BH', 'BO', 'BR', 'BY', 'CA', 'CH', 'CL', 'CO', 'CR', 'CY', 'CZ', 'DE', 'DK', 'DO', 'DZ', 'EC', 'EE', 'EG', 'ES', 'FI', 'FR', 'GB', 'GR', 'GT', 'HK', 'HN', 'HR', 'HU', 'ID', 'IE', 'IL', 'IN', 'IS', 'IT', 'JO', 'JP', 'KW', 'KZ', 'LB', 'LI', 'LT', 'LU', 'LV', 'MA', 'MC', 'MD', 'ME', 'MK', 'MT', 'MX', 'MY', 'NI', 'NL', 'NO', 'NZ', 'OM', 'PA', 'PE', 'PH', 'PL', 'PS', 'PT', 'PY', 'QA', 'RO', 'RS', 'RU', 'SA', 'SE', 'SG', 'SI', 'SK', 'SV', 'TH', 'TN', 'TR', 'TW', 'UA', 'US', 'UY', 'VN', 'XK', 'ZA']"
48,Lose You,3roOLsfxMpvsd8cEGJPyrc,[],53,"['AD', 'AE', 'AL', 'AR', 'AT', 'AU', 'BA', 'BE', 'BG', 'BH', 'BO', 'BR', 'BY', 'CA', 'CH', 'CL', 'CO', 'CR', 'CY', 'CZ', 'DE', 'DK', 'DO', 'DZ', 'EC', 'EE', 'EG', 'ES', 'FI', 'FR', 'GB', 'GR', 'GT', 'HK', 'HN', 'HR', 'HU', 'ID', 'IE', 'IL', 'IN', 'IS', 'IT', 'JO', 'JP', 'KW', 'KZ', 'LB', 'LI', 'LT', 'LU', 'LV', 'MA', 'MC', 'MD', 'ME', 'MK', 'MT', 'MX', 'MY', 'NI', 'NL', 'NO', 'NZ', 'OM', 'PA', 'PE', 'PH', 'PL', 'PS', 'PT', 'PY', 'QA', 'RO', 'RS', 'RU', 'SA', 'SE', 'SG', 'SI', 'SK', 'SV', 'TH', 'TN', 'TR', 'TW', 'UA', 'US', 'UY', 'VN', 'XK', 'ZA']"
49,CLRD.,1XKhVI0EBWl0xj8liEeB60,[],35,"['AD', 'AE', 'AL', 'AR', 'AT', 'AU', 'BA', 'BE', 'BG', 'BH', 'BO', 'BR', 'BY', 'CA', 'CH', 'CL', 'CO', 'CR', 'CY', 'CZ', 'DE', 'DK', 'DO', 'DZ', 'EC', 'EE', 'EG', 'ES', 'FI', 'FR', 'GB', 'GR', 'GT', 'HK', 'HN', 'HR', 'HU', 'ID', 'IE', 'IL', 'IN', 'IS', 'IT', 'JO', 'JP', 'KW', 'KZ', 'LB', 'LI', 'LT', 'LU', 'LV', 'MA', 'MC', 'MD', 'ME', 'MK', 'MT', 'MX', 'MY', 'NI', 'NL', 'NO', 'NZ', 'OM', 'PA', 'PE', 'PH', 'PL', 'PS', 'PT', 'PY', 'QA', 'RO', 'RS', 'RU', 'SA', 'SE', 'SG', 'SI', 'SK', 'SV', 'TH', 'TN', 'TR', 'TW', 'UA', 'US', 'UY', 'VN', 'XK', 'ZA']"
